Name,Experience,Job Role,Company,Skills,Resume
Thomas James,15,Cloud Engineer,Spotify,"Marketing Strategy, Social Media Management, Python, UX/UI Design, JavaScript","Experienced Cloud Engineer with 15 years of experience at Spotify. Proficient in Marketing Strategy, Social Media Management, Python, UX/UI Design, JavaScript. Passionate about problem-solving and innovation."
Mia Ferguson,9,Cloud Engineer,Adobe,"Blockchain, Kubernetes, Docker, Cloud Computing, Deep Learning","Experienced Cloud Engineer with 9 years of experience at Adobe. Proficient in Blockchain, Kubernetes, Docker, Cloud Computing, Deep Learning. Passionate about problem-solving and innovation."
Diana Ferguson,15,Investment Banker,Oracle,"Docker, Natural Language Processing, SQL, Business Analysis, Data Science","Experienced Investment Banker with 15 years of experience at Oracle. Proficient in Docker, Natural Language Processing, SQL, Business Analysis, Data Science. Passionate about problem-solving and innovation."
Katherine Hall,7,Business Intelligence Analyst,Deloitte,"Cloud Computing, SQL, SEO, Big Data, Graphic Design","Experienced Business Intelligence Analyst with 7 years of experience at Deloitte. Proficient in Cloud Computing, SQL, SEO, Big Data, Graphic Design. Passionate about problem-solving and innovation."
Isaac Lewis,18,Financial Analyst,Facebook,"Cybersecurity, Finance Analysis, Big Data, Graphic Design, Risk Analysis","Experienced Financial Analyst with 18 years of experience at Facebook. Proficient in Cybersecurity, Finance Analysis, Big Data, Graphic Design, Risk Analysis. Passionate about problem-solving and innovation."
Paul Scott,12,Cybersecurity Analyst,Amazon,"Data Visualization, Web Development, Risk Analysis, Embedded Systems, UX/UI Design","Experienced Cybersecurity Analyst with 12 years of experience at Amazon. Proficient in Data Visualization, Web Development, Risk Analysis, Embedded Systems, UX/UI Design. Passionate about problem-solving and innovation."
Zane Quinn,1,Product Manager,Amazon,"Cybersecurity, Data Science, Finance Analysis, Cloud Computing, Computer Vision","Experienced Product Manager with 1 years of experience at Amazon. Proficient in Cybersecurity, Data Science, Finance Analysis, Cloud Computing, Computer Vision. Passionate about problem-solving and innovation."
Carter Upton,9,Cybersecurity Analyst,Goldman Sachs,"Computer Vision, Cloud Computing, Risk Analysis, Blockchain, Software Engineering","Experienced Cybersecurity Analyst with 9 years of experience at Goldman Sachs. Proficient in Computer Vision, Cloud Computing, Risk Analysis, Blockchain, Software Engineering. Passionate about problem-solving and innovation."
Alice Hall,4,Cybersecurity Analyst,Google,"PyTorch, Deep Learning, Docker, Natural Language Processing, Data Science","Experienced Cybersecurity Analyst with 4 years of experience at Google. Proficient in PyTorch, Deep Learning, Docker, Natural Language Processing, Data Science. Passionate about problem-solving and innovation."
Charlie James,2,Business Intelligence Analyst,Oracle,"Cybersecurity, Kubernetes, Graphic Design, Risk Analysis, Social Media Management","Experienced Business Intelligence Analyst with 2 years of experience at Oracle. Proficient in Cybersecurity, Kubernetes, Graphic Design, Risk Analysis, Social Media Management. Passionate about problem-solving and innovation."
Tina Taylor,18,Cloud Engineer,Adobe,"Business Analysis, Python, Data Visualization, Computer Vision, Graphic Design","Experienced Cloud Engineer with 18 years of experience at Adobe. Proficient in Business Analysis, Python, Data Visualization, Computer Vision, Graphic Design. Passionate about problem-solving and innovation."
Yvonne Harris,4,Product Manager,Google,"Agile Development, Docker, Deep Learning, Product Management, SEO","Experienced Product Manager with 4 years of experience at Google. Proficient in Agile Development, Docker, Deep Learning, Product Management, SEO. Passionate about problem-solving and innovation."
Grace Zimmerman,6,AI Researcher,Salesforce,"Software Engineering, Blockchain, Finance Analysis, Risk Analysis, Marketing Strategy","Experienced AI Researcher with 6 years of experience at Salesforce. Proficient in Software Engineering, Blockchain, Finance Analysis, Risk Analysis, Marketing Strategy. Passionate about problem-solving and innovation."
William Norton,5,Game Developer,Nvidia,"Embedded Systems, Finance Analysis, Deep Learning, Social Media Management, Graphic Design","Experienced Game Developer with 5 years of experience at Nvidia. Proficient in Embedded Systems, Finance Analysis, Deep Learning, Social Media Management, Graphic Design. Passionate about problem-solving and innovation."
William Upton,12,Investment Banker,Netflix,"Software Engineering, Web Development, SQL, Business Analysis, SEO","Experienced Investment Banker with 12 years of experience at Netflix. Proficient in Software Engineering, Web Development, SQL, Business Analysis, SEO. Passionate about problem-solving and innovation."
Kevin Lawrence,9,Blockchain Developer,Salesforce,"JavaScript, UX/UI Design, Machine Learning, Business Analysis, TensorFlow","Experienced Blockchain Developer with 9 years of experience at Salesforce. Proficient in JavaScript, UX/UI Design, Machine Learning, Business Analysis, TensorFlow. Passionate about problem-solving and innovation."
Olivia Harris,20,SEO Specialist,IBM,"SEO, Finance Analysis, Web Development, Machine Learning, Software Engineering","Experienced SEO Specialist with 20 years of experience at IBM. Proficient in SEO, Finance Analysis, Web Development, Machine Learning, Software Engineering. Passionate about problem-solving and innovation."
Carter Parker,5,Data Scientist,Cisco,"TensorFlow, SEO, Marketing Strategy, PyTorch, Embedded Systems","Experienced Data Scientist with 5 years of experience at Cisco. Proficient in TensorFlow, SEO, Marketing Strategy, PyTorch, Embedded Systems. Passionate about problem-solving and innovation."
Thomas Taylor,4,Data Engineer,Oracle,"Graphic Design, SQL, Cloud Computing, Docker, Web Development","Experienced Data Engineer with 4 years of experience at Oracle. Proficient in Graphic Design, SQL, Cloud Computing, Docker, Web Development. Passionate about problem-solving and innovation."
Thomas Young,20,Game Developer,Intel,"Marketing Strategy, Kubernetes, Blockchain, Finance Analysis, Deep Learning","Experienced Game Developer with 20 years of experience at Intel. Proficient in Marketing Strategy, Kubernetes, Blockchain, Finance Analysis, Deep Learning. Passionate about problem-solving and innovation."
Ivy Daniels,15,Software Engineer,Salesforce,"Big Data, Embedded Systems, Deep Learning, Docker, Product Management","Experienced Software Engineer with 15 years of experience at Salesforce. Proficient in Big Data, Embedded Systems, Deep Learning, Docker, Product Management. Passionate about problem-solving and innovation."
David Daniels,1,Embedded Systems Developer,Salesforce,"Marketing Strategy, Natural Language Processing, Deep Learning, Graphic Design, Blockchain","Experienced Embedded Systems Developer with 1 years of experience at Salesforce. Proficient in Marketing Strategy, Natural Language Processing, Deep Learning, Graphic Design, Blockchain. Passionate about problem-solving and innovation."
Bob Hughes,4,Product Manager,Apple,"Kubernetes, Agile Development, Natural Language Processing, Deep Learning, Risk Analysis","Experienced Product Manager with 4 years of experience at Apple. Proficient in Kubernetes, Agile Development, Natural Language Processing, Deep Learning, Risk Analysis. Passionate about problem-solving and innovation."
Diana Johnson,4,Cybersecurity Analyst,Oracle,"JavaScript, Social Media Management, Embedded Systems, Product Management, SEO","Experienced Cybersecurity Analyst with 4 years of experience at Oracle. Proficient in JavaScript, Social Media Management, Embedded Systems, Product Management, SEO. Passionate about problem-solving and innovation."
Henry O'Brien,3,Data Engineer,Salesforce,"TensorFlow, Machine Learning, Risk Analysis, Deep Learning, Finance Analysis","Experienced Data Engineer with 3 years of experience at Salesforce. Proficient in TensorFlow, Machine Learning, Risk Analysis, Deep Learning, Finance Analysis. Passionate about problem-solving and innovation."
Oscar Green,8,Software Engineer,Red Hat,"Python, Product Management, Graphic Design, Blockchain, Deep Learning","Experienced Software Engineer with 8 years of experience at Red Hat. Proficient in Python, Product Management, Graphic Design, Blockchain, Deep Learning. Passionate about problem-solving and innovation."
Uma Bennett,6,Data Scientist,Salesforce,"UX/UI Design, Docker, Computer Vision, Web Development, TensorFlow","Experienced Data Scientist with 6 years of experience at Salesforce. Proficient in UX/UI Design, Docker, Computer Vision, Web Development, TensorFlow. Passionate about problem-solving and innovation."
Henry White,8,Data Engineer,Accenture,"Data Visualization, Social Media Management, Finance Analysis, Product Management, Kubernetes","Experienced Data Engineer with 8 years of experience at Accenture. Proficient in Data Visualization, Social Media Management, Finance Analysis, Product Management, Kubernetes. Passionate about problem-solving and innovation."
Thomas Ellis,4,UX Designer,Cisco,"JavaScript, Software Engineering, UX/UI Design, Finance Analysis, Machine Learning","Experienced UX Designer with 4 years of experience at Cisco. Proficient in JavaScript, Software Engineering, UX/UI Design, Finance Analysis, Machine Learning. Passionate about problem-solving and innovation."
Fiona Brown,15,Blockchain Developer,Deloitte,"Business Analysis, Software Engineering, Cybersecurity, PyTorch, Machine Learning","Experienced Blockchain Developer with 15 years of experience at Deloitte. Proficient in Business Analysis, Software Engineering, Cybersecurity, PyTorch, Machine Learning. Passionate about problem-solving and innovation."
Fiona Martinez,9,Blockchain Developer,Amazon,"Finance Analysis, Cybersecurity, Business Analysis, Web Development, Kubernetes","Experienced Blockchain Developer with 9 years of experience at Amazon. Proficient in Finance Analysis, Cybersecurity, Business Analysis, Web Development, Kubernetes. Passionate about problem-solving and innovation."
Mason Bennett,15,Data Scientist,Intel,"Natural Language Processing, Software Engineering, JavaScript, Cloud Computing, TensorFlow","Experienced Data Scientist with 15 years of experience at Intel. Proficient in Natural Language Processing, Software Engineering, JavaScript, Cloud Computing, TensorFlow. Passionate about problem-solving and innovation."
Aaron Nelson,1,Business Intelligence Analyst,Intel,"SEO, Marketing Strategy, Natural Language Processing, SQL, PyTorch","Experienced Business Intelligence Analyst with 1 years of experience at Intel. Proficient in SEO, Marketing Strategy, Natural Language Processing, SQL, PyTorch. Passionate about problem-solving and innovation."
Zane Smith,15,Product Manager,Oracle,"Machine Learning, Risk Analysis, Kubernetes, SEO, Cybersecurity","Experienced Product Manager with 15 years of experience at Oracle. Proficient in Machine Learning, Risk Analysis, Kubernetes, SEO, Cybersecurity. Passionate about problem-solving and innovation."
William Taylor,5,Software Engineer,Apple,"Business Analysis, Risk Analysis, Blockchain, Product Management, JavaScript","Experienced Software Engineer with 5 years of experience at Apple. Proficient in Business Analysis, Risk Analysis, Blockchain, Product Management, JavaScript. Passionate about problem-solving and innovation."
Penny Jackson,7,HR Manager,Salesforce,"SEO, Embedded Systems, Web Development, Docker, Risk Analysis","Experienced HR Manager with 7 years of experience at Salesforce. Proficient in SEO, Embedded Systems, Web Development, Docker, Risk Analysis. Passionate about problem-solving and innovation."
Wendy Knight,3,Data Engineer,Red Hat,"Blockchain, Cloud Computing, Business Analysis, Product Management, Finance Analysis","Experienced Data Engineer with 3 years of experience at Red Hat. Proficient in Blockchain, Cloud Computing, Business Analysis, Product Management, Finance Analysis. Passionate about problem-solving and innovation."
Carter Scott,8,SEO Specialist,Deloitte,"Business Analysis, TensorFlow, Machine Learning, Data Visualization, Finance Analysis","Experienced SEO Specialist with 8 years of experience at Deloitte. Proficient in Business Analysis, TensorFlow, Machine Learning, Data Visualization, Finance Analysis. Passionate about problem-solving and innovation."
Bob O'Brien,15,Blockchain Developer,Spotify,"Docker, Product Management, JavaScript, Software Engineering, Marketing Strategy","Experienced Blockchain Developer with 15 years of experience at Spotify. Proficient in Docker, Product Management, JavaScript, Software Engineering, Marketing Strategy. Passionate about problem-solving and innovation."
Xavier Gonzalez,2,Software Engineer,Netflix,"Cybersecurity, Finance Analysis, TensorFlow, UX/UI Design, Docker","Experienced Software Engineer with 2 years of experience at Netflix. Proficient in Cybersecurity, Finance Analysis, TensorFlow, UX/UI Design, Docker. Passionate about problem-solving and innovation."
Xavier White,20,Embedded Systems Developer,Amazon,"Graphic Design, PyTorch, Blockchain, Cloud Computing, Marketing Strategy","Experienced Embedded Systems Developer with 20 years of experience at Amazon. Proficient in Graphic Design, PyTorch, Blockchain, Cloud Computing, Marketing Strategy. Passionate about problem-solving and innovation."
Victoria Martinez,20,Investment Banker,Samsung,"Cybersecurity, Data Science, UX/UI Design, Marketing Strategy, Machine Learning","Experienced Investment Banker with 20 years of experience at Samsung. Proficient in Cybersecurity, Data Science, UX/UI Design, Marketing Strategy, Machine Learning. Passionate about problem-solving and innovation."
Quinn Chapman,12,Embedded Systems Developer,Amazon,"Product Management, Risk Analysis, Blockchain, Deep Learning, SQL","Experienced Embedded Systems Developer with 12 years of experience at Amazon. Proficient in Product Management, Risk Analysis, Blockchain, Deep Learning, SQL. Passionate about problem-solving and innovation."
Isaac Brown,8,Software Engineer,Cisco,"Business Analysis, Data Science, Marketing Strategy, SQL, JavaScript","Experienced Software Engineer with 8 years of experience at Cisco. Proficient in Business Analysis, Data Science, Marketing Strategy, SQL, JavaScript. Passionate about problem-solving and innovation."
Alice Stewart,3,Product Manager,IBM,"UX/UI Design, Risk Analysis, Graphic Design, Finance Analysis, Web Development","Experienced Product Manager with 3 years of experience at IBM. Proficient in UX/UI Design, Risk Analysis, Graphic Design, Finance Analysis, Web Development. Passionate about problem-solving and innovation."
Uma Owens,8,Blockchain Developer,Red Hat,"Natural Language Processing, Deep Learning, Business Analysis, Big Data, Software Engineering","Experienced Blockchain Developer with 8 years of experience at Red Hat. Proficient in Natural Language Processing, Deep Learning, Business Analysis, Big Data, Software Engineering. Passionate about problem-solving and innovation."
Charlie Stewart,1,Game Developer,Accenture,"PyTorch, Marketing Strategy, Docker, UX/UI Design, Web Development","Experienced Game Developer with 1 years of experience at Accenture. Proficient in PyTorch, Marketing Strategy, Docker, UX/UI Design, Web Development. Passionate about problem-solving and innovation."
Aaron Reed,9,Marketing Manager,Amazon,"Agile Development, Data Visualization, Embedded Systems, Python, Finance Analysis","Experienced Marketing Manager with 9 years of experience at Amazon. Proficient in Agile Development, Data Visualization, Embedded Systems, Python, Finance Analysis. Passionate about problem-solving and innovation."
Olivia Ingram,5,Blockchain Developer,Apple,"Social Media Management, JavaScript, Natural Language Processing, SQL, Big Data","Experienced Blockchain Developer with 5 years of experience at Apple. Proficient in Social Media Management, JavaScript, Natural Language Processing, SQL, Big Data. Passionate about problem-solving and innovation."
Umar Turner,9,Marketing Manager,Facebook,"Agile Development, Blockchain, JavaScript, SEO, Cloud Computing","Experienced Marketing Manager with 9 years of experience at Facebook. Proficient in Agile Development, Blockchain, JavaScript, SEO, Cloud Computing. Passionate about problem-solving and innovation."
Bella Taylor,4,Game Developer,IBM,"Marketing Strategy, Software Engineering, Blockchain, Web Development, Machine Learning","Experienced Game Developer with 4 years of experience at IBM. Proficient in Marketing Strategy, Software Engineering, Blockchain, Web Development, Machine Learning. Passionate about problem-solving and innovation."
Yasmin Hall,6,Data Engineer,Apple,"Cloud Computing, Business Analysis, Software Engineering, Finance Analysis, Marketing Strategy","Experienced Data Engineer with 6 years of experience at Apple. Proficient in Cloud Computing, Business Analysis, Software Engineering, Finance Analysis, Marketing Strategy. Passionate about problem-solving and innovation."
Jack Clark,7,Investment Banker,Facebook,"Blockchain, Computer Vision, JavaScript, Business Analysis, Agile Development","Experienced Investment Banker with 7 years of experience at Facebook. Proficient in Blockchain, Computer Vision, JavaScript, Business Analysis, Agile Development. Passionate about problem-solving and innovation."
Leo Harris,3,IoT Engineer,Accenture,"Kubernetes, Big Data, Cloud Computing, Product Management, Software Engineering","Experienced IoT Engineer with 3 years of experience at Accenture. Proficient in Kubernetes, Big Data, Cloud Computing, Product Management, Software Engineering. Passionate about problem-solving and innovation."
Yasmin Ingram,8,Blockchain Developer,Cisco,"SQL, Data Visualization, JavaScript, Big Data, Deep Learning","Experienced Blockchain Developer with 8 years of experience at Cisco. Proficient in SQL, Data Visualization, JavaScript, Big Data, Deep Learning. Passionate about problem-solving and innovation."
Aaron Foster,8,Software Engineer,Oracle,"Data Science, Web Development, Machine Learning, TensorFlow, Cybersecurity","Experienced Software Engineer with 8 years of experience at Oracle. Proficient in Data Science, Web Development, Machine Learning, TensorFlow, Cybersecurity. Passionate about problem-solving and innovation."
Fiona Lee,7,Business Intelligence Analyst,Oracle,"Web Development, Finance Analysis, Kubernetes, Cybersecurity, JavaScript","Experienced Business Intelligence Analyst with 7 years of experience at Oracle. Proficient in Web Development, Finance Analysis, Kubernetes, Cybersecurity, JavaScript. Passionate about problem-solving and innovation."
Olivia Adams,2,Software Engineer,Spotify,"Blockchain, Cloud Computing, Kubernetes, Web Development, SQL","Experienced Software Engineer with 2 years of experience at Spotify. Proficient in Blockchain, Cloud Computing, Kubernetes, Web Development, SQL. Passionate about problem-solving and innovation."
Kevin O'Brien,10,HR Manager,Red Hat,"Software Engineering, SEO, Python, Data Science, Kubernetes","Experienced HR Manager with 10 years of experience at Red Hat. Proficient in Software Engineering, SEO, Python, Data Science, Kubernetes. Passionate about problem-solving and innovation."
Mason Quinn,12,AI Researcher,Facebook,"Social Media Management, Software Engineering, Data Science, SEO, Natural Language Processing","Experienced AI Researcher with 12 years of experience at Facebook. Proficient in Social Media Management, Software Engineering, Data Science, SEO, Natural Language Processing. Passionate about problem-solving and innovation."
Henry White,7,IoT Engineer,Google,"Data Visualization, JavaScript, Finance Analysis, Blockchain, Product Management","Experienced IoT Engineer with 7 years of experience at Google. Proficient in Data Visualization, JavaScript, Finance Analysis, Blockchain, Product Management. Passionate about problem-solving and innovation."
Charlie Nelson,15,SEO Specialist,Intel,"TensorFlow, Cybersecurity, Risk Analysis, PyTorch, Computer Vision","Experienced SEO Specialist with 15 years of experience at Intel. Proficient in TensorFlow, Cybersecurity, Risk Analysis, PyTorch, Computer Vision. Passionate about problem-solving and innovation."
Noah Knight,3,IoT Engineer,Facebook,"Natural Language Processing, Embedded Systems, Computer Vision, UX/UI Design, Data Science","Experienced IoT Engineer with 3 years of experience at Facebook. Proficient in Natural Language Processing, Embedded Systems, Computer Vision, UX/UI Design, Data Science. Passionate about problem-solving and innovation."
Frank Nelson,20,Software Engineer,Tesla,"Graphic Design, Marketing Strategy, Natural Language Processing, JavaScript, Deep Learning","Experienced Software Engineer with 20 years of experience at Tesla. Proficient in Graphic Design, Marketing Strategy, Natural Language Processing, JavaScript, Deep Learning. Passionate about problem-solving and innovation."
William Scott,20,Data Engineer,Accenture,"Natural Language Processing, Python, Embedded Systems, TensorFlow, Deep Learning","Experienced Data Engineer with 20 years of experience at Accenture. Proficient in Natural Language Processing, Python, Embedded Systems, TensorFlow, Deep Learning. Passionate about problem-solving and innovation."
Diana Hall,3,IoT Engineer,Samsung,"Risk Analysis, Finance Analysis, Machine Learning, Python, Marketing Strategy","Experienced IoT Engineer with 3 years of experience at Samsung. Proficient in Risk Analysis, Finance Analysis, Machine Learning, Python, Marketing Strategy. Passionate about problem-solving and innovation."
Thomas Ingram,3,Product Manager,Cisco,"Software Engineering, Machine Learning, Social Media Management, Data Science, UX/UI Design","Experienced Product Manager with 3 years of experience at Cisco. Proficient in Software Engineering, Machine Learning, Social Media Management, Data Science, UX/UI Design. Passionate about problem-solving and innovation."
Paul Walker,10,Investment Banker,Salesforce,"Deep Learning, Software Engineering, Business Analysis, Social Media Management, Kubernetes","Experienced Investment Banker with 10 years of experience at Salesforce. Proficient in Deep Learning, Software Engineering, Business Analysis, Social Media Management, Kubernetes. Passionate about problem-solving and innovation."
Xander Knight,15,AI Researcher,Deloitte,"UX/UI Design, Data Visualization, Cloud Computing, SQL, Embedded Systems","Experienced AI Researcher with 15 years of experience at Deloitte. Proficient in UX/UI Design, Data Visualization, Cloud Computing, SQL, Embedded Systems. Passionate about problem-solving and innovation."
Mia Hall,12,Technical Writer,Deloitte,"Blockchain, Data Science, Computer Vision, Machine Learning, Agile Development","Experienced Technical Writer with 12 years of experience at Deloitte. Proficient in Blockchain, Data Science, Computer Vision, Machine Learning, Agile Development. Passionate about problem-solving and innovation."
Jasmine Stewart,10,Game Developer,Accenture,"Machine Learning, Cloud Computing, Computer Vision, Finance Analysis, Cybersecurity","Experienced Game Developer with 10 years of experience at Accenture. Proficient in Machine Learning, Cloud Computing, Computer Vision, Finance Analysis, Cybersecurity. Passionate about problem-solving and innovation."
Xander Peterson,5,Product Manager,Deloitte,"Finance Analysis, PyTorch, JavaScript, TensorFlow, Web Development","Experienced Product Manager with 5 years of experience at Deloitte. Proficient in Finance Analysis, PyTorch, JavaScript, TensorFlow, Web Development. Passionate about problem-solving and innovation."
Charlie Knight,15,HR Manager,Apple,"SQL, Graphic Design, Python, Cloud Computing, Machine Learning","Experienced HR Manager with 15 years of experience at Apple. Proficient in SQL, Graphic Design, Python, Cloud Computing, Machine Learning. Passionate about problem-solving and innovation."
Mia O'Brien,15,SEO Specialist,Accenture,"SEO, Deep Learning, Software Engineering, Social Media Management, Cloud Computing","Experienced SEO Specialist with 15 years of experience at Accenture. Proficient in SEO, Deep Learning, Software Engineering, Social Media Management, Cloud Computing. Passionate about problem-solving and innovation."
Paul Foster,20,AI Researcher,Cisco,"Docker, Blockchain, Embedded Systems, Python, SQL","Experienced AI Researcher with 20 years of experience at Cisco. Proficient in Docker, Blockchain, Embedded Systems, Python, SQL. Passionate about problem-solving and innovation."
William Knight,3,Investment Banker,Facebook,"PyTorch, Blockchain, Big Data, Graphic Design, Deep Learning","Experienced Investment Banker with 3 years of experience at Facebook. Proficient in PyTorch, Blockchain, Big Data, Graphic Design, Deep Learning. Passionate about problem-solving and innovation."
Umar Ingram,8,Financial Analyst,IBM,"Social Media Management, Embedded Systems, Finance Analysis, Cybersecurity, Agile Development","Experienced Financial Analyst with 8 years of experience at IBM. Proficient in Social Media Management, Embedded Systems, Finance Analysis, Cybersecurity, Agile Development. Passionate about problem-solving and innovation."
Aaron James,3,DevOps Engineer,Spotify,"Blockchain, PyTorch, Python, Social Media Management, Finance Analysis","Experienced DevOps Engineer with 3 years of experience at Spotify. Proficient in Blockchain, PyTorch, Python, Social Media Management, Finance Analysis. Passionate about problem-solving and innovation."
Luna Zimmerman,2,Game Developer,Netflix,"Data Science, Machine Learning, Social Media Management, Big Data, Business Analysis","Experienced Game Developer with 2 years of experience at Netflix. Proficient in Data Science, Machine Learning, Social Media Management, Big Data, Business Analysis. Passionate about problem-solving and innovation."
Wendy Gonzalez,7,Data Engineer,Amazon,"Machine Learning, Graphic Design, Agile Development, UX/UI Design, Cloud Computing","Experienced Data Engineer with 7 years of experience at Amazon. Proficient in Machine Learning, Graphic Design, Agile Development, UX/UI Design, Cloud Computing. Passionate about problem-solving and innovation."
Hannah King,4,Data Engineer,Samsung,"Graphic Design, SQL, Agile Development, Finance Analysis, Business Analysis","Experienced Data Engineer with 4 years of experience at Samsung. Proficient in Graphic Design, SQL, Agile Development, Finance Analysis, Business Analysis. Passionate about problem-solving and innovation."
Hannah Walker,18,Data Scientist,Intel,"PyTorch, Python, Social Media Management, UX/UI Design, Business Analysis","Experienced Data Scientist with 18 years of experience at Intel. Proficient in PyTorch, Python, Social Media Management, UX/UI Design, Business Analysis. Passionate about problem-solving and innovation."
Bob Davis,2,Software Engineer,Intel,"Computer Vision, Product Management, Python, Cloud Computing, Docker","Experienced Software Engineer with 2 years of experience at Intel. Proficient in Computer Vision, Product Management, Python, Cloud Computing, Docker. Passionate about problem-solving and innovation."
Kevin Quinn,18,Blockchain Developer,Tesla,"Finance Analysis, Risk Analysis, Natural Language Processing, PyTorch, TensorFlow","Experienced Blockchain Developer with 18 years of experience at Tesla. Proficient in Finance Analysis, Risk Analysis, Natural Language Processing, PyTorch, TensorFlow. Passionate about problem-solving and innovation."
Mia Nelson,12,HR Manager,Netflix,"Cybersecurity, Big Data, PyTorch, Product Management, JavaScript","Experienced HR Manager with 12 years of experience at Netflix. Proficient in Cybersecurity, Big Data, PyTorch, Product Management, JavaScript. Passionate about problem-solving and innovation."
Hannah O'Brien,18,Data Scientist,Deloitte,"Product Management, Marketing Strategy, Cloud Computing, Finance Analysis, PyTorch","Experienced Data Scientist with 18 years of experience at Deloitte. Proficient in Product Management, Marketing Strategy, Cloud Computing, Finance Analysis, PyTorch. Passionate about problem-solving and innovation."
Thomas Davis,10,Investment Banker,Apple,"Business Analysis, Machine Learning, JavaScript, Computer Vision, SQL","Experienced Investment Banker with 10 years of experience at Apple. Proficient in Business Analysis, Machine Learning, JavaScript, Computer Vision, SQL. Passionate about problem-solving and innovation."
Fiona Ingram,9,IoT Engineer,IBM,"Embedded Systems, TensorFlow, Business Analysis, Data Visualization, Deep Learning","Experienced IoT Engineer with 9 years of experience at IBM. Proficient in Embedded Systems, TensorFlow, Business Analysis, Data Visualization, Deep Learning. Passionate about problem-solving and innovation."
Umar Norton,5,Embedded Systems Developer,IBM,"Marketing Strategy, Natural Language Processing, JavaScript, Graphic Design, SEO","Experienced Embedded Systems Developer with 5 years of experience at IBM. Proficient in Marketing Strategy, Natural Language Processing, JavaScript, Graphic Design, SEO. Passionate about problem-solving and innovation."
Eva Mitchell,7,Product Manager,Microsoft,"PyTorch, Big Data, Blockchain, SEO, Computer Vision","Experienced Product Manager with 7 years of experience at Microsoft. Proficient in PyTorch, Big Data, Blockchain, SEO, Computer Vision. Passionate about problem-solving and innovation."
Jack Nelson,6,Data Scientist,Tesla,"Software Engineering, PyTorch, Blockchain, Python, Marketing Strategy","Experienced Data Scientist with 6 years of experience at Tesla. Proficient in Software Engineering, PyTorch, Blockchain, Python, Marketing Strategy. Passionate about problem-solving and innovation."
Victoria Quinn,8,Cloud Engineer,Salesforce,"Machine Learning, SEO, JavaScript, PyTorch, Kubernetes","Experienced Cloud Engineer with 8 years of experience at Salesforce. Proficient in Machine Learning, SEO, JavaScript, PyTorch, Kubernetes. Passionate about problem-solving and innovation."
Quinn Taylor,7,Blockchain Developer,Apple,"Web Development, Data Visualization, Finance Analysis, Deep Learning, Product Management","Experienced Blockchain Developer with 7 years of experience at Apple. Proficient in Web Development, Data Visualization, Finance Analysis, Deep Learning, Product Management. Passionate about problem-solving and innovation."
Ivy Vasquez,18,Data Scientist,Red Hat,"Social Media Management, Agile Development, JavaScript, Machine Learning, Product Management","Experienced Data Scientist with 18 years of experience at Red Hat. Proficient in Social Media Management, Agile Development, JavaScript, Machine Learning, Product Management. Passionate about problem-solving and innovation."
Henry Mitchell,3,HR Manager,Red Hat,"SQL, Business Analysis, Web Development, Python, UX/UI Design","Experienced HR Manager with 3 years of experience at Red Hat. Proficient in SQL, Business Analysis, Web Development, Python, UX/UI Design. Passionate about problem-solving and innovation."
Nathan Zimmerman,2,Financial Analyst,Salesforce,"Embedded Systems, Data Visualization, Social Media Management, UX/UI Design, Computer Vision","Experienced Financial Analyst with 2 years of experience at Salesforce. Proficient in Embedded Systems, Data Visualization, Social Media Management, UX/UI Design, Computer Vision. Passionate about problem-solving and innovation."
Kevin Lewis,15,AI Researcher,Cisco,"Data Visualization, Cloud Computing, Agile Development, TensorFlow, Kubernetes","Experienced AI Researcher with 15 years of experience at Cisco. Proficient in Data Visualization, Cloud Computing, Agile Development, TensorFlow, Kubernetes. Passionate about problem-solving and innovation."
Alice Walker,9,IoT Engineer,Intel,"Finance Analysis, Python, Computer Vision, TensorFlow, Kubernetes","Experienced IoT Engineer with 9 years of experience at Intel. Proficient in Finance Analysis, Python, Computer Vision, TensorFlow, Kubernetes. Passionate about problem-solving and innovation."
Uma White,2,Game Developer,Oracle,"Product Management, Business Analysis, Web Development, Graphic Design, Software Engineering","Experienced Game Developer with 2 years of experience at Oracle. Proficient in Product Management, Business Analysis, Web Development, Graphic Design, Software Engineering. Passionate about problem-solving and innovation."
Henry Stewart,12,Data Scientist,Amazon,"Blockchain, Cloud Computing, Python, Natural Language Processing, Embedded Systems","Experienced Data Scientist with 12 years of experience at Amazon. Proficient in Blockchain, Cloud Computing, Python, Natural Language Processing, Embedded Systems. Passionate about problem-solving and innovation."
